,ID_PARCEL_2022,SURF_PARC_2022,CODE_CULTU_2022,CODE_GROUP_2022,CULTURE_D1_2022,CULTURE_D2_2022,geometry,libelle_cultu_2022,CAMPAGNE_DEBUT_2022,CAMPAGNE_FIN_2022,libelle_d1_2022,libelle_d2_2022,area
187842,1133906,9.71,TRN,6,,,"POLYGON ((535959.5590000004 6273361.310000002, 535992.7040000036 6273356.459000003, 536016.9919999987 6273538.346000001, 536061.5420000032 6273528.3560000025, 536097.7740000039 6273522.331, 536109.6710000038 6273521.093000002, 536122.949000001 6273521.323000003, 536156.125 6273520.138, 536180.6950000003 6273516.0380000025, 536186.1290000007 6273512.0950000025, 536175.1719999984 6273369.712000001, 536133.6340000033 6273375.427000001, 536133.5810000002 6273374.996000003, 536067.7710000053 6273384.303000003, 536059.6359999999 6273329.083000001, 536059.2440000027 6273329.132000003, 536053.0769999996 6273288.8500000015, 536053.3530000001 6273288.815000001, 536048.1019999981 6273236.759, 536042.1920000017 6273237.483000003, 535956.8980000019 6273247.921, 535860.425999999 6273263.138, 535741.112999998 6273282.670000002, 535678.4589999989 6273291.202, 535655.0210000053 6273293.3450000025, 535632.4849999994 6273294.561000001, 535636.3910000026 6273335.086000003, 535639.4519999996 6273348.857000001, 535732.7290000021 6273335.275000002, 535758.5989999995 6273556.058000002, 535805.7080000043 6273549.088000003, 535819.9980000034 6273548.522, 535829.1960000023 6273548.522, 535866.6829999983 6273547.258000001, 535883.3889999986 6273546.549000002, 535906.262000002 6273544.871000003, 535928.451000005 6273542.738000002, 535903.438000001 6273369.7880000025, 535903.4350000024 6273369.448000003, 535931.6609999985 6273365.318, 535959.5590000004 6273361.310000002))",Tournesol,2015,,,,97114.94925996698
139550,841881,3.76,TRN,6,,,"POLYGON ((617335.7450000048 6307438.935000002, 617335.7448000014 6307438.934900001, 617335.7443000004 6307438.934700001, 617335.7441999987 6307438.934600003, 617317.1050999984 6307426.036000002, 617311.5705000013 6307422.206, 617311.570100002 6307422.205800001, 617311.5697000027 6307422.205700003, 617311.5691 6307422.205800001, 617311.568900004 6307422.205900002, 617311.568400003 6307422.206100002, 617311.567900002 6307422.206500001, 617272.754200004 6307484.987200003, 617272.7541000023 6307484.9877, 617272.7541000023 6307484.9881, 617272.7542999983 6307484.988700002, 617272.7545000017 6307484.989, 617272.754700005 6307484.9892, 617281.4976000041 6307491.0667, 617358.9228000045 6307543.115200002, 617358.9228999987 6307543.115400001, 617358.9230000004 6307543.115500003, 617358.9231000021 6307543.115700003, 617358.9231000021 6307543.115800001, 617359.8330000043 6307552.676000003, 617360.8530000001 6307567.806000002, 617360.8532000035 6307567.806500003, 617360.8533999994 6307567.8068, 617360.8535000011 6307567.806900002, 617360.8536000028 6307567.807, 617360.8539000005 6307567.8072, 617360.8541000038 6307567.807300001, 617360.8544000015 6307567.807400003, 617400.4686000049 6307572.320800003, 617400.4690000042 6307572.321000002, 617400.4690000042 6307572.3211, 617400.4690999985 6307572.3215, 617399.8612999991 6307575.295300003, 617399.8615000024 6307575.296100002, 617399.8618000001 6307575.296500001, 617399.8614000008 6307575.2973, 617399.860799998 6307575.297800001, 617392.1088000014 6307610.049700003, 617392.108599998 6307610.050000001, 617390.125500001 6307611.7842000015, 617390.125 6307611.784300003, 617237.2251000032 6307535.5524, 617237.2239000052 6307535.552700002, 617218.8840000033 6307561.807, 617218.8840000033 6307561.807100002, 617212.444600001 6307571.820100002, 617212.4450000003 6307571.8215, 617349.895100005 6307640.138300002, 617349.8960999995 6307640.1382, 617349.8964000046 6307640.138, 617352.3269000053 6307640.304000001, 617352.3269999996 6307640.304000001, 617353.2142000049 6307640.680300001, 617465.0829000026 6307688.1261, 617465.0830000043 6307688.1261, 617507.2127000019 6307702.2255000025, 617507.2140000015 6307702.224600002, 617508.6660000011 6307629.769000001, 617504.2370000035 6307530.9714, 617504.2371999994 6307530.971000001, 617508.3471999988 6307527.510000002, 617508.3469000012 6307527.508300003, 617433.4201000035 6307499.618800003, 617433.4189999998 6307499.619100001, 617432.4081000015 6307500.933200002, 617432.4074999988 6307500.9333, 617335.7450000048 6307438.935000002), (617414.5227999985 6307575.237, 617414.5229000002 6307575.237, 617414.5230000019 6307575.237100001, 617414.5230000019 6307575.237200003, 617414.5225000009 6307575.237600002, 617414.522300005 6307575.237600002, 617414.5222000033 6307575.237500001, 617414.522300005 6307575.237400003, 617414.5227999985 6307575.237))",Tournesol,2015,,,,37550.81419064284
1564874,9453515,3.38,TRN,6,,,"POLYGON ((546655.837000005 6298001.960000001, 546655.8810000047 6298001.753000002, 546661.6330000013 6297985.551000003, 546679.5260000005 6297934.9070000015, 546680.2269999981 6297932.923, 546603.2150000036 6297932.789000001, 546557.3840000033 6297947.465, 546557.1450000033 6297947.5370000005, 546509.7590000033 6297960.169, 546508.6310000047 6297960.338000003, 546479.6790000051 6297961.268000003, 546476.9959999993 6297960.591000002, 546441.1389999986 6297939.631000001, 546430.987999998 6297935.184, 546430.8960000053 6297935.373, 546403.4140000045 6297992.129000001, 546402.7789999992 6297993.307, 546523.7190000042 6298093.504000001, 546607.925999999 6298156.373, 546607.9840000048 6298155.839000002, 546614.262000002 6298161.5370000005, 546617.9640000015 6298135.937000003, 546618.0850000009 6298135.1000000015, 546618.7920000032 6298130.351, 546618.9650000036 6298129.155000001, 546619.0080000013 6298128.858000003, 546619.0500000045 6298128.561000001, 546619.1110000014 6298128.140000001, 546619.5310000032 6298125.234000001, 546621.175999999 6298113.724000003, 546629.3480000049 6298087.423, 546631.112999998 6298081.729000002, 546633.627000004 6298073.620000001, 546636.1240000054 6298065.563000001, 546638.1640000045 6298058.9810000025, 546638.4610000029 6298058.024, 546639.1799999997 6298055.702, 546644.8929999992 6298037.269000001, 546649.0530000031 6298023.849000003, 546655.6620000005 6298002.525000002, 546655.837000005 6298001.960000001))",Tournesol,2015,,,,33768.37275712506
1036094,6261084,0.94,TRN,6,,,"POLYGON ((484213.3950000033 6248098.966000002, 484141.1010000035 6248099.499000002, 484172.08900000155 6248226.861000001, 484230.436999999 6248205.012000002, 484248.186999999 6248198.451000001, 484251.65100000054 6248192.055, 484248.4970000014 6248183.365000002, 484242.0879999995 6248164.063000001, 484231.8269999996 6248136.803000003, 484217.6070000008 6248101.954, 484213.3950000033 6248098.966000002))",Tournesol,2015,,,,9369.597734680105
1169290,7064460,0.58,TRN,6,,,"POLYGON ((484890.88880000263 6307928.4428, 484853.2430000007 6307961.0123, 484867.13369999826 6307984.9571, 484881.1565999985 6308009.695700001, 484916.7432000041 6307987.206100002, 484956.563000001 6307963.525800001, 484939.62970000505 6307930.8497, 484921.7703000009 6307897.115200002, 484890.88880000263 6307928.4428))",Tournesol,2015,,,,5755.995215996276
996188,6018756,2.11,TRN,6,,,"POLYGON ((517751.701000005 6308638.903000001, 517749.3650000021 6308644.812000003, 517750.388000004 6308646.522, 517751 6308649.264000002, 517765.5080000013 6308669.215, 517770.5830000043 6308676.193, 517771.05900000036 6308676.939000003, 517771.16400000453 6308677.296, 517771.9830000028 6308677.986000001, 517787.1030000001 6308690.729000002, 517786.45899999887 6308692.045000002, 517788.3040000051 6308694.786000002, 517824.938000001 6308665.107000001, 517858.74599999934 6308636.947000001, 517862.0370000005 6308634.999000002, 517863.36900000274 6308634.709000003, 517869.7650000006 6308625.655000001, 517876.688000001 6308615.854000002, 517884.5949999988 6308621.440000001, 517888.1300000027 6308613.610000003, 517887.1649999991 6308607.936000001, 517886.1630000025 6308602.050000001, 517879.6019999981 6308596.148000002, 517879.4060000032 6308595.971000001, 517860.201000005 6308588.414000001, 517859.1600000039 6308588.005000003, 517868.8660000041 6308558.967, 517870.3720000014 6308559.432, 517886.80700000376 6308564.512000002, 517899.56500000507 6308543.857000001, 517916.013000004 6308525.772, 517907.6850000024 6308513.716000002, 517875.5540000051 6308467.201000001, 517798.7349999994 6308476.118000001, 517797.83399999887 6308476.998, 517796.8530000001 6308484.785, 517783.251000002 6308553.354000002, 517773.1620000005 6308583.693, 517771.0549999997 6308589.607000001, 517766.37000000477 6308601.795000002, 517751.701000005 6308638.903000001))",Tournesol,2015,,,,21064.890706739647
1232152,7442418,4.92,TRN,6,,,"POLYGON ((480455.7831000015 6317380.470200002, 480472.90470000356 6317369.643300001, 480473.41330000013 6317369.361700002, 480486.6424999982 6317363.011700001, 480487.017900005 6317362.8500000015, 480499.45329999924 6317358.087400001, 480500.2353999987 6317357.859000001, 480506.37680000067 6317356.5973000005, 480507.886300005 6317356.520400003, 480527.88980000466 6317358.544200003, 480537.0229000002 6317358.315300003, 480573.9622000009 6317350.361400001, 480588.45369999856 6317346.057400003, 480588.7796000019 6317345.9725, 480598.7199999988 6317343.735800002, 480608.6827000007 6317338.505400002, 480631.4003000036 6317326.09, 480631.7916999981 6317325.897700001, 480659.5729999989 6317313.7269, 480660.97940000147 6317313.342800003, 480685.05660000443 6317310.432300001, 480685.2827000022 6317310.4102, 480716.263000004 6317308.0867, 480737.30579999834 6317306.312900003, 480758.80180000514 6317303.644500002, 480770.9453000054 6317301.4749, 480769.8475000039 6317298.824900001, 480749.1904000044 6317254.6164, 480743.88159999996 6317244.883500002, 480740.65850000083 6317240.586000003, 480730.3624000028 6317229.117000002, 480718.89649999887 6317216.464900002, 480707.47150000185 6317204.383400001, 480703.5654999986 6317200.477300003, 480703.4528999999 6317200.508900002, 480699.7986000031 6317196.340500001, 480680.0615000054 6317196.795600001, 480662.60180000216 6317194.444500003, 480610.1772999987 6317180.703400001, 480575.8421000019 6317174.3061, 480554.36089999974 6317175.7489, 480530.45419999957 6317178.944000002, 480498.4167999998 6317185.983200002, 480453.6165000051 6317196.0689, 480424.2476999983 6317203.477300003, 480414.1935000047 6317210.885600001, 480407.0498000011 6317221.204400003, 480404.9331 6317230.4648, 480404.66849999875 6317237.873200003, 480407.0498000011 6317251.102400001, 480417.633100003 6317282.852400001, 480430.06859999895 6317317.7775, 480437.7415000051 6317340.796300001, 480438.00609999895 6317352.438000001, 480437.2164000049 6317356.386500001, 480440.2427000031 6317364.8422, 480445.61210000515 6317382.088400003, 480455.7831000015 6317380.470200002))",Tournesol,2015,,,,49167.64778928128
1059661,6404345,4.01,TRN,6,,,"POLYGON ((572581.4237000048 6306751.034600001, 572555.9693000019 6306763.555100001, 572495.6322000027 6306794.8233, 572486.8364000022 6306800.940400001, 572530.5249000043 6306836.596000001, 572601.6409000009 6306897.690000001, 572630.3149000034 6306931.556000002, 572671.0209000036 6306982.833000001, 572688.7828999981 6306998.4789, 572754.5520000011 6307042.857000001, 572758.5209000036 6306997.217, 572760.7700000033 6306973.206, 572765.6639000028 6306953.162900001, 572762.3570000008 6306913.41, 572743.5719000027 6306866.644000001, 572718.7009000033 6306817.035, 572701.5368999988 6306794.777800001, 572686.1568000019 6306774.833900001, 572625.6422000006 6306729.284400001, 572581.4237000048 6306751.034600001))",Tournesol,2015,,,,40136.68653906299
481177,2905020,7.33,TRN,6,,,"POLYGON ((533518.5965000018 6310335.135000002, 533513.3180000037 6310324.900800001, 533514.8176000044 6310317.9496, 533513.4083000049 6310295.175900001, 533510.064000003 6310268.437000003, 533489.4528999999 6310195.4701000005, 533482.1031000018 6310162.3805, 533476.3891000003 6310144.381000001, 533473.5518999994 6310136.701900002, 533428.6482999995 6310083.406300001, 533411.0534000024 6310100.075100001, 533397.1627999991 6310111.187600002, 533383.2721000016 6310114.891700003, 533360.121100001 6310108.409400001, 533332.3396999985 6310073.219800003, 533296.2880000025 6310088.952, 533277.4751000032 6310098.7249, 533260.1099000052 6310114.725100003, 533198.625 6310164.720200002, 533260.7490000054 6310216.123, 533260.3660999984 6310216.838100001, 533189.9161000028 6310270.615200002, 533160.0951000005 6310293.3533000015, 533376.5053000003 6310446.817200001, 533379.8452000022 6310442.809300002, 533425.4866000041 6310397.7335, 533426.9614000022 6310396.7255000025, 533428.6964000016 6310396.3002, 533430.4701000005 6310396.512000002, 533432.0562000051 6310397.333800003, 533445.4794000015 6310407.7009, 533475.3413000032 6310379.292100001, 533474.8687000051 6310378.761100002, 533478.7212999985 6310375.407900002, 533479.0379000008 6310375.249600001, 533480.3878000006 6310373.9439, 533298.5402000025 6310237.295400001, 533324.9985999987 6310209.249500003, 533509.8486000001 6310345.057700001, 533518.5965000018 6310335.135000002))",Tournesol,2015,,,,73281.73131005563
214049,1290958,2.61,TRN,6,,,"POLYGON ((548173.9125000015 6315769.270300001, 548173.0066 6315769.543400001, 548168.7732000053 6315770.138700001, 548162.820100002 6315769.808000002, 548154.2872999981 6315764.648600001, 548146.945100002 6315755.255800001, 548121.940700002 6315718.118500002, 548043.9118000045 6315774.8583, 548063.9290000051 6315803.974000003, 548091.6420999989 6315847.469100002, 548097.0349000022 6315852.720400002, 548104.2290000021 6315853.6855, 548121.4070000052 6315848.021000002, 548142.7507999986 6315841.549000002, 548151.2221000046 6315841.479000002, 548166.3564999998 6315845.128900003, 548171.3559999987 6315839.593000002, 548176.3599000052 6315835.895000003, 548180.9158999994 6315831.138300002, 548186.7726000026 6315827.2586, 548195.4681999981 6315823.471800003, 548201.2334000021 6315823.171700001, 548209.0341000035 6315824.839900002, 548296.1187999994 6315896.1259, 548352.0632999986 6315908.247100003, 548360.8773000017 6315884.312900003, 548364.3458000049 6315879.8651, 548240.2744000033 6315736.136500001, 548238.0262999982 6315737.3906, 548229.3612000048 6315742.582200002, 548224.7528000027 6315742.322500002, 548217.9919999987 6315746.343500003, 548209.7089000046 6315751.271400001, 548188.2185000032 6315765.997700002, 548181.9109999985 6315768.280700002, 548175.6933000013 6315769.405200001, 548173.9125000015 6315769.270300001))",Tournesol,2015,,,,26120.27381255522
724573,4379084,1.48,TRN,6,,,"POLYGON ((543221.7639999986 6324946.9771, 543222.4420000017 6324947.827800002, 543224.7710000053 6324950.807, 543226.925999999 6324953.530000001, 543234.8321999982 6324947.8068, 543240.5100000054 6324941.127, 543247.7080000043 6324928.432, 543257.1310000047 6324912.334000003, 543261.1992999986 6324908.011800002, 543262.5240000039 6324904.201000001, 543264.0199000016 6324905.015000001, 543265.5080000013 6324903.434, 543266.1977000013 6324903.692600001, 543280.7230000049 6324884.265000001, 543326.7199999988 6324855.156000003, 543504.9070000052 6324797.478, 543514.7419999987 6324797.396000002, 543540.4530000016 6324792.489, 543563.8360000029 6324782.91, 543567.8170000017 6324781.442000002, 543583.8640000001 6324775.527000003, 543613.3730000034 6324764.174000002, 543648.824000001 6324750.945, 543658.2030000016 6324746.063000001, 543657.1160000041 6324743.990000002, 543653.824000001 6324739.564000003, 543644.1389999986 6324723.859000001, 543637.7250000015 6324711.556000002, 543634.1388000026 6324702.460900001, 543628.9906000048 6324704.398400001, 543628.7694000006 6324703.837500002, 543610.8677000031 6324711.566400003, 543577.5029999986 6324726.7084, 543577.3482000008 6324726.775700003, 543556.9302000031 6324735.296700001, 543556.8973999992 6324735.3103, 543550.6253999993 6324737.8803, 543550.4158999994 6324737.961200003, 543550.0769000053 6324738.084200002, 543549.7638000026 6324738.1873, 543524.760800004 6324745.5973000005, 543524.5960000008 6324745.643400002, 543509.7172000036 6324749.553800002, 543491.0392000005 6324757.875600003, 543481.5530000031 6324763.524300002, 543481.5240999982 6324763.5414, 543471.6388000026 6324769.3466, 543463.987999998 6324774.234200001, 543441.8751000017 6324788.3605, 543436.256900005 6324792.552300002, 543429.6081000045 6324801.0298000015, 543424.5455000028 6324807.777700003, 543423.7741999999 6324808.6105, 543417.9822000042 6324813.694500003, 543416.2895999998 6324814.709100001, 543408.193599999 6324817.7531, 543407.5062000006 6324817.9615, 543402.3805000037 6324819.1559000015, 543382.2302000001 6324823.851500001, 543377.4543000013 6324824.964500003, 543376.9737000018 6324825.054200001, 543376.5182000026 6324825.1184, 543360.5182000026 6324827.369400002, 543359.7978000045 6324827.422800001, 543343.3546000049 6324827.559700001, 543323.245099999 6324831.403700002, 543318.7815000042 6324833.454600003, 543313.8040999994 6324835.742000002, 543281.8253000006 6324851.896300003, 543270.190200001 6324860.5413000025, 543263.2151999995 6324869.539500002, 543244.6847000048 6324898.583300002, 543224.6768999994 6324941.8072, 543224.9465000033 6324942.145500001, 543221.7639999986 6324946.9771))",Tournesol,2015,,,,14795.003585070206
1238046,7477997,3.86,TRN,6,,,"POLYGON ((500173.0249999985 6271763.503000002, 500187.8030000031 6271864.235000003, 500207.6410000026 6271863.352000002, 500248.12099999934 6271860.177000001, 500350.9120000005 6271852.372000001, 500402.6400000006 6271848.535, 500452.73099999875 6271844.036000002, 500451.18900000304 6271828.159000002, 500445.1950000003 6271784.983000003, 500441.1579999998 6271760.7880000025, 500452.02700000256 6271759.938000001, 500453.5710000023 6271732.119000003, 500454.1050000042 6271715.870000001, 500454.1649999991 6271714.045000002, 500421.5780000016 6271713.400000002, 500362.6649999991 6271709.166000001, 500304.80900000036 6271701.405000001, 500304.15900000185 6271700.808000002, 500298.126000002 6271701.294, 500245.75400000066 6271699.381000001, 500245.69700000435 6271711.291000001, 500248.0452000052 6271724.911700003, 500168.06159999967 6271738.8682, 500173.0249999985 6271763.503000002))",Tournesol,2015,,,,38555.311742313876
450371,2717353,2.8,TRN,6,,,"POLYGON ((562262.3470000029 6243689.447000001, 562244.3599999994 6243695.987, 562246.252000004 6243700.746000003, 562189.2679999992 6243729.926000003, 562162.3790000007 6243722.310000002, 562105.4329999983 6243736.578000002, 562053.1050000042 6243761.733000003, 562083.3280000016 6243844.686000001, 562105.3610000014 6243851.485000003, 562126.4420000017 6243854.277000003, 562166.3339999989 6243848.91, 562224.1220000014 6243834.473000001, 562238.5160000026 6243830.807, 562233.4189999998 6243805.918000001, 562249.5590000004 6243796.923, 562258.2899999991 6243788.985000003, 562266.2280000001 6243779.328000002, 562282.2789999992 6243765.879000001, 562292.5390000045 6243758.387000002, 562300.9940000027 6243753.2870000005, 562304.8339999989 6243752.498, 562341.8350000009 6243745.620000001, 562333.3409999982 6243675.866, 562332.6719999984 6243675.748, 562333.311999999 6243674.586000003, 562281.1319999993 6243685.478, 562271.4750000015 6243687.198000003, 562262.3470000029 6243689.447000001))",Tournesol,2015,,,,28048.4282294665
1074559,6494351,5.58,TRN,6,,,"POLYGON ((574026.9307999983 6342788.076500002, 574141.0240000039 6342843.520000003, 574150.7740000039 6342848.022400003, 574344.569400005 6342937.513900001, 574345.5366000012 6342933.5185, 574346.0605000034 6342931.3541, 574361.2564999983 6342868.579700001, 574379.5179999992 6342792.718000002, 574381.2617000043 6342784.379300002, 574384.7107999995 6342772.730300002, 574386.8053000048 6342765.485000003, 574391.9795000032 6342747.937400002, 574395.1818000004 6342736.4406, 574397.6965000033 6342727.580400001, 574396.5204000026 6342728.0616, 574396.7233000025 6342727.3466, 574392.1513999999 6342722.9932, 574391.9575000033 6342722.737400003, 574391.8546000049 6342722.433400001, 574383.6603000015 6342673.254700001, 574383.6939999983 6342672.7863, 574383.7973000035 6342672.462700002, 574385.0588999987 6342671.798700001, 574385.1079000011 6342671.645200003, 574350.6272 6342654.4048000015, 574348.1627000049 6342656.9628, 574334.1209999993 6342667.254000001, 574325.9299999997 6342673.387000002, 574313.1680000052 6342680.016000003, 574302.7890000045 6342683.650000002, 574283.25 6342687.479000002, 574260.6193000004 6342691.222100001, 574255.2950000018 6342692.1027000025, 574232.6322000027 6342695.013900001, 574217.876500003 6342697.3456000015, 574201.1099000052 6342702.099200003, 574198.1603000015 6342703.171600003, 574170.985799998 6342713.051900003, 574140.1156000048 6342726.026800003, 574113.6873000041 6342736.241500001, 574032.2956999987 6342770.4285, 574023.8478000015 6342776.8574, 574022.1623999998 6342778.651000001, 574020.082100004 6342780.864800002, 574017.5768000036 6342783.5309000015, 574025.1423000023 6342787.207400002, 574026.9307999983 6342788.076500002))",Tournesol,2015,,,,55774.33798847228
553066,3339873,1.97,TRN,6,,,"POLYGON ((513336.12680000067 6267519.562000003, 513303.62440000474 6267520.257800002, 513289.17650000006 6267511.9755000025, 513279.3869000003 6267510.388, 513174.08100000024 6267572.331, 513091.8720000014 6267582.513, 513028.0322000012 6267605.034000002, 512967.4425000027 6267628.582000002, 512969.0300000012 6267651.336200003, 512972.075000003 6267668.996000003, 513093.9136000052 6267623.554900002, 513108.8020000011 6267649.672000002, 513151.5980000049 6267635.351, 513202.7810000032 6267624.1679, 513259.9060000032 6267599.43, 513282.4270000011 6267581.852000002, 513336.12680000067 6267519.562000003))",Tournesol,2015,,,,19683.575526090455
363461,2195648,0.94,TRN,6,,,"POLYGON ((505801.8599999994 6228100.839000002, 505809.811999999 6228210.529000003, 505888.8969999999 6228192.572000001, 505901.7870000005 6228090.497000001, 505801.8599999994 6228100.839000002))",Tournesol,2015,,,,9442.183929620624
1044149,6310101,1.0,TRN,6,,,"POLYGON ((619264.7749999985 6290123.194000002, 619265.987999998 6290117.690000001, 619274.1190000027 6290091.419, 619280.1389999986 6290058.742000002, 619279.9690000042 6290038.494000003, 619279.8967000023 6290035.211800002, 619237.1809 6290010.218200002, 619216.1484000012 6290061.468500003, 619179.8703000024 6290142.3948, 619179.8822000027 6290142.403700002, 619194.3007000014 6290153.2190000005, 619208.2522 6290164.0484, 619222.2793999985 6290173.267700002, 619248.4213000014 6290186.170200001, 619264.7749999985 6290123.194000002))",Tournesol,2015,,,,9954.942866235078
214229,1291999,3.38,TRN,6,,,"POLYGON ((532611.8620000035 6290306.332000002, 532598.4039999992 6290309.765000001, 532522.6810000017 6290350.23, 532519.6050000042 6290352.0380000025, 532549.7330000028 6290398.448000003, 532467.4519999996 6290435.935000002, 532433.8900000006 6290451.055, 532393.9790000021 6290471.819000002, 532350.0960000008 6290501.312000003, 532416.686999999 6290589.1570000015, 532449.2679999992 6290565.691, 532452.8910000026 6290562.892000001, 532463.9739999995 6290553.896000002, 532491.6840000004 6290531.401000001, 532571.1460000053 6290468.707000002, 532624.3280000016 6290426.319000002, 532633.9020000026 6290419.516000003, 532648.3320000023 6290409.387000002, 532660.9589999989 6290402.109000001, 532672.1389999986 6290392.676000003, 532679.5570000038 6290382.515000001, 532684.6050000042 6290376.889000002, 532658.1579999998 6290346.41, 532611.8620000035 6290306.332000002))",Tournesol,2015,,,,33750.3029672955
1233072,7448069,1.79,TRN,6,,,"POLYGON ((542424.245099999 6280334.432700001, 542555.1816000044 6280539.217500001, 542567.2820000052 6280535.394000001, 542635.8030000031 6280512.867000002, 542696.0710000023 6280439.622000001, 542595.9747999981 6280385.1204, 542521.6328000054 6280465.116100002, 542442.0350000039 6280330.261, 542424.245099999 6280334.432700001))",Tournesol,2015,,,,17865.731777568308
1273989,7693404,20.03,TRN,6,,,"POLYGON ((626183.0359999985 6244515.328000002, 626231.7770000026 6244596.4810000025, 626251.6723000035 6244630.805300001, 626254.6410000026 6244635.927000001, 626308.7894999981 6244724.4166, 626308.7908999994 6244724.417000003, 626390.380400002 6244681.9822, 626390.3808000013 6244681.9810000025, 626390.3808000013 6244681.980700001, 626390.3822000027 6244681.9813, 626393.0335000008 6244680.602300003, 626396.631900005 6244678.909000002, 626396.6319999993 6244678.909000002, 626479.8166000023 6244634.459100001, 626479.817200005 6244634.459200002, 626534.7177999988 6244733.978600003, 626534.7177000046 6244733.979200002, 626534.3313000053 6244734.223500002, 626509.5512000024 6244749.890700001, 626463.2326000035 6244779.176900003, 626468.0861000046 6244785.695900001, 626468.0874000043 6244785.6961, 626468.0895000026 6244785.694900002, 626468.0892000049 6244785.6963, 626507.623800002 6244838.7667, 626507.6257000044 6244838.769200001, 626508.146800004 6244839.468700003, 626508.1467000023 6244839.469300002, 626477.4887000024 6244863.271000002, 626462.8840000033 6244874.9125000015, 626462.883600004 6244874.9130000025, 626462.7441000044 6244875.3506000005, 626462.7441999987 6244875.351300001, 626471.5310000032 6244893.171, 626487.6420000046 6244925.148000002, 626492.8672000021 6244935.599200003, 626492.867899999 6244935.599800002, 626493.8308999985 6244935.8411, 626493.8317000046 6244935.8409, 626503.6171000004 6244929.116300002, 626503.6172000021 6244929.1162, 626518.0658000037 6244920.737400003, 626518.0659000054 6244920.737300001, 626534.1696000025 6244915.709100001, 626534.1697000042 6244915.709000003, 626544.9047000036 6244910.526100002, 626544.9048000053 6244910.526100002, 626554.8266000003 6244908.9386, 626567.7911000028 6244906.557300001, 626567.7912000045 6244906.557300001, 626580.6384000033 6244905.642900001, 626580.6387000009 6244905.642800003, 626590.7045999989 6244900.605300002, 626590.7048000023 6244900.6052, 626608.9013999999 6244888.5297, 626608.9015000015 6244888.529600002, 626622.9958000034 6244880.473100003, 626636.7153000012 6244872.2938, 626636.7154000029 6244872.293700002, 626646.3726000041 6244865.679100003, 626653.2681000009 6244860.350200001, 626666.4365000054 6244851.2842000015, 626681.5310000032 6244843.236900002, 626681.5310000032 6244843.2368, 626691.880900003 6244836.574900001, 626691.8810000047 6244836.574900001, 626701.5383000001 6244829.828000002, 626709.7198000029 6244824.104800001, 626709.7199000046 6244824.104700003, 626728.8426000029 6244813.0386000015, 626738.9086000025 6244808.0009, 626738.9087999985 6244808.000800002, 626754.0031000003 6244796.851400003, 626754.003200002 6244796.851300001, 626775.1447999999 6244786.7853000015, 626793.2674999982 6244779.7381, 626793.2675999999 6244779.7381, 626812.390200004 6244768.671800002, 626825.7313999981 6244761.799600001, 626825.7317000031 6244761.7982, 626823.1146000028 6244757.764000002, 626823.1143999994 6244757.763700001, 626803.4561000019 6244741.509600002, 626803.4560000002 6244741.509500001, 626772.5526000038 6244712.9344, 626751.9680000022 6244692.455600001, 626740.2854000032 6244679.824700002, 626738.7124000043 6244678.124000002, 626738.7123000026 6244678.1239, 626734.188000001 6244672.611900002, 626725.9329999983 6244660.970200002, 626720.2179000005 6244652.5035, 626711.4602000043 6244636.584400002, 626708.3646000028 6244630.4901, 626702.0675000027 6244615.938000001, 626702.0675000027 6244615.937900003, 626697.9589999989 6244608.097000003, 626682.6340000033 6244572.169, 626677.1070000008 6244557.599000003, 626676.0090000033 6244555.1413, 626671.8310000002 6244545.790000003, 626659.8969999999 6244521.042000003, 626647.3360000029 6244493.658, 626635.7780000046 6244465.895000003, 626624.0960000008 6244440.143000003, 626620.7040000036 6244432.355, 626616.8090000004 6244423.812100001, 626616.8090000004 6244423.812000003, 626599.2221000046 6244393.5380000025, 626599.2220000029 6244393.537900001, 626593.1920000017 6244384.996000003, 626579.875 6244367.911000002, 626566.4171000049 6244351.1261, 626566.4169000015 6244351.1259, 626544.9530000016 6244335.501000002, 626510.2810000032 6244311.507000003, 626479.7113000005 6244288.4362, 626479.7111000046 6244288.436100002, 626477.1717000008 6244287.378000002, 626477.1708000004 6244287.378000002, 626474.8429000005 6244288.647800002, 626406.8929999992 6244326.330000002, 626372.627000004 6244346.686000001, 626299.4870000035 6244379.9700000025, 626299.4869000018 6244379.9700000025, 626291.1960000023 6244384.367000002, 626257.5289999992 6244405.094900001, 626257.5289000049 6244405.0950000025, 626225.6220000014 6244426.953000002, 626174.8690000027 6244462.379000001, 626156.9378000051 6244474.376500003, 626156.9376000017 6244474.377800003, 626183.0359999985 6244515.328000002))",Tournesol,2015,,,,200286.24998547893
736952,4454305,1.16,TRN,6,,,"POLYGON ((522051.0430000052 6235693.053000003, 522061.9360000044 6235635.465, 522047.59700000286 6235630.302000001, 522029.96900000423 6235624.431000002, 522017.5029999986 6235620.4070000015, 522007.80799999833 6235616.297000002, 521994.77899999917 6235611.942000002, 521985.251000002 6235612.734000001, 521978.6240000054 6235621.789000001, 521971.6070000008 6235632.916000001, 521964.5900000036 6235649.688000001, 521956.201000005 6235669.165000003, 521950.8280000016 6235683.744000003, 521943.04100000113 6235697.544, 521928.52899999917 6235713.457000002, 521929.7150000036 6235719.052000001, 521931.7969999984 6235720.829, 521934.70899999887 6235722.283, 521937.5219999999 6235723.7250000015, 521957.28400000185 6235731.069000002, 521983.98900000006 6235736.341000002, 522019.9910000041 6235743.714000002, 522038.08200000226 6235744.932, 522048.6160000041 6235702.842, 522051.0430000052 6235693.053000003))",Tournesol,2015,,,,11615.54369669878
7105,43156,2.09,TRN,6,,,"POLYGON ((576323.9448999986 6297967.263300002, 576421.8762999997 6298043.2544, 576429.6440000013 6298046.7984, 576505.5300000012 6297959.706, 576508.2325000018 6297956.1906, 576344.1152999997 6297826.077, 576323.9448999986 6297967.263300002))",Tournesol,2015,,,,20948.930165665195
179398,1083383,0.3,TRN,6,,,"POLYGON ((443395.9096999988 6291578.5101, 443288.9409000054 6291652.1685000025, 443300.33399999887 6291656.735100001, 443310.76960000396 6291660.9252, 443318.575000003 6291663.230800003, 443332.02910000086 6291660.2244000025, 443348.4457000047 6291653.761600003, 443363.70170000196 6291638.3532, 443373.36470000446 6291623.208600003, 443373.66960000247 6291622.781800002, 443378.72160000354 6291616.442600001, 443388.08370000124 6291601.689100001, 443390.28240000457 6291594.454600003, 443395.20650000125 6291579.864800002, 443395.9096999988 6291578.5101))",Tournesol,2015,,,,2953.09367684743
765670,4627023,1.16,TRN,6,,,"POLYGON ((480226.9670000002 6251068.564000003, 480229.3180000037 6251082.774, 480237.86100000143 6251125.734000001, 480234.97399999946 6251141.065000001, 480228.51900000125 6251162.5950000025, 480227.9030000046 6251170.566, 480233.5930000022 6251186.640000001, 480246.6600000039 6251203.704, 480269.3590000048 6251207.631000001, 480292.4780000001 6251208.129000001, 480292.1979999989 6251146.447000001, 480338.3049999997 6251144.687000003, 480337.11200000346 6251068.658, 480226.9670000002 6251068.564000003))",Tournesol,2015,,,,11619.32518423287
912097,5510284,1.61,TRN,6,,,"POLYGON ((613091.742899999 6329515.599300001, 613067.9303000048 6329514.541000001, 613063.1678000018 6329602.382800002, 613056.8178000003 6329638.366300002, 613048.4878000021 6329702.507000003, 613134.3409999982 6329734.137200002, 613139.1035000011 6329591.2619, 613139.6327000037 6329568.5077, 613137.5160000026 6329549.9868, 613139.6327000037 6329510.828400001, 613139.6327000037 6329509.7181, 613091.742899999 6329515.599300001))",Tournesol,2015,,,,16072.115120596147
21511,128613,13.13,TRN,6,,,"POLYGON ((612360.8229000047 6260429.984200001, 612343.9720000029 6260449.535, 612332.862999998 6260462.564000003, 612294.2199999988 6260507.520000003, 612287.8680000007 6260514.895000003, 612271.0430000052 6260535.645000003, 612250.6290000007 6260564.075000003, 612241.6450000033 6260572.952, 612299.0069999993 6260642.755000003, 612361.3030000031 6260715.815000001, 612378.2789999992 6260733.074000001, 612445.4560000002 6260802.088000003, 612484.7980000004 6260839.648000002, 612517.4329999983 6260869.353, 612590.2639999986 6260928.939000003, 612586.625 6260932.176000003, 612600.2190000042 6260942.711000003, 612684.6169999987 6261003.349000003, 612680.009100005 6261000.0383, 612682.0227999985 6260995.205300003, 612682.3985000029 6260995.475200001, 612682.6180000007 6260994.626400001, 612675.8889999986 6260978.0614, 612675.5282000005 6260976.522700001, 612674.2361000031 6260959.2632, 612673.2648999989 6260947.0326000005, 612667.5512000024 6260928.624900002, 612667.3682000041 6260927.798, 612665.2921999991 6260912.4810000025, 612665.2609999999 6260912.186900001, 612664.3989000022 6260900.971500002, 612660.612999998 6260886.4518, 612660.5592000037 6260884.105900001, 612663.3082000017 6260871.1569, 612663.5214000046 6260870.426000003, 612669.6774000004 6260854.002, 612671.2269000039 6260851.842100002, 612681.693900004 6260843.293100003, 612681.7991000041 6260843.209400002, 612694.998300001 6260832.996800002, 612697.7339000031 6260826.867700003, 612699.7675999999 6260807.399100002, 612700.0577000007 6260806.157200001, 612703.3530000001 6260797.262700003, 612707.071100004 6260784.422700003, 612711.7626000047 6260766.6193, 612709.5293000042 6260753.202, 612702.9285999984 6260721.187800001, 612688.3471000046 6260683.712300003, 612688.0565000027 6260682.620100003, 612684.1745000035 6260656.758100003, 612684.1221000031 6260655.796500001, 612685.4378000051 6260623.006900001, 612675.078900002 6260606.493700001, 612636.8128000051 6260581.177000001, 612563.6790999994 6260538.6005000025, 612563.6486999989 6260538.582700003, 612497.8401000053 6260499.659900002, 612475.2335000038 6260489.0385, 612445.9930000007 6260477.5572, 612445.3651000038 6260477.259800002, 612425.2784999982 6260466.0112, 612415.8923000023 6260460.955000002, 612415.6785999984 6260460.833100002, 612406.4345000014 6260455.262200002, 612386.7708000019 6260446.868500002, 612385.9888999984 6260446.451000001, 612365.0958999991 6260432.838200003, 612365.0161000043 6260432.930800002, 612360.8229000047 6260429.984200001))",Tournesol,2015,,,,131305.12462535824
269974,1629953,2.69,TRN,6,,,"POLYGON ((607669.4430000037 6318591.442000002, 607639.7459999993 6318626.5950000025, 607620.4299999997 6318643.819000002, 607600.5439999998 6318658.958000001, 607596.4930000007 6318671.331, 607594.637000002 6318676.4750000015, 607593.2800000012 6318681.123, 607584.7280000001 6318726.168000001, 607583.2910000011 6318745.520000003, 607565.9589999989 6318766.610000003, 607578.0480000004 6318776.003000002, 607609.7060000002 6318798.735000003, 607627.7749999985 6318812.079, 607629.4680000022 6318768.598000001, 607631.5949999988 6318735.043000001, 607642.4409999996 6318717.555, 607651.4060000032 6318708.429000001, 607667.3189999983 6318695.370000001, 607673.1799999997 6318684.334000003, 607681.5850000009 6318677.278000001, 607689.1010000035 6318674.672000002, 607699.5080000013 6318671.063000001, 607710.9790000021 6318670.293000001, 607717.0190000013 6318669.887000002, 607722.0720000044 6318672.928000003, 607736.3530000001 6318656.331, 607740.0530000031 6318655.429000001, 607751.9990000054 6318652.516000003, 607751.8049999997 6318649.113000002, 607751.2129999995 6318638.734000001, 607791.962000005 6318611.743000001, 607816.3020000011 6318593.223000001, 607827.7660000026 6318578.586000003, 607830.0579999983 6318566.770000003, 607829.6169999987 6318556.718000002, 607828.4699999988 6318546.665000003, 607822.1230000034 6318523.905000001, 607824.2419999987 6318523.099000003, 607812.4900000021 6318472.934, 607809.9409999996 6318475.618000001, 607807.7749999985 6318477.899, 607805.9180000052 6318487.866, 607786.0540000051 6318508.064000003, 607784.6799999997 6318508.665000003, 607684.4409999996 6318583.076000001, 607672.4549999982 6318587.104000002, 607669.4430000037 6318591.442000002))",Tournesol,2015,,,,26946.702277473443
198010,1195080,1.19,TRN,6,,,"POLYGON ((458175.16170000285 6262567.8224, 458173.6780000031 6262589.178000003, 458170.09099999815 6262667.443, 458168.09400000423 6262722.353, 458167.33900000155 6262731.309, 458167.16099999845 6262731.381000001, 458167.12700000405 6262732.119000003, 458158.85400000215 6262736.659000002, 458158.96620000154 6262738.5645, 458203.0003999993 6262741.7447, 458237.79200000316 6262745.543000001, 458239.08100000024 6262713.110000003, 458241.12099999934 6262702.049000002, 458246.72200000286 6262679.098000001, 458248.31599999964 6262672.703000002, 458252.2899999991 6262634.498, 458253.1499999985 6262607.649, 458180.97399999946 6262570.506000001, 458175.16170000285 6262567.8224))",Tournesol,2015,,,,11903.209255168273
422483,2549978,1.03,TRN,6,,,"POLYGON ((518110.888500005 6254394.394300003, 518041.33920000494 6254415.7654, 518027.94640000165 6254419.757800002, 517996.22630000114 6254426.098700002, 517936.755900003 6254445.209700003, 517943.38599999994 6254457.493000001, 517970.4600000009 6254491.3827, 517980.8232000023 6254490.280200001, 518025.00869999826 6254480.755200002, 518068.13589999825 6254470.1719, 518102.79640000314 6254460.646900002, 518130.575500004 6254451.8389, 518110.888500005 6254394.394300003))",Tournesol,2015,,,,10265.843027359628
829015,5007280,1.31,TRN,6,,,"POLYGON ((455534.42379999906 6271121.136600003, 455704.41889999807 6271096.3539, 455682.19390000403 6271011.422500003, 455657.3229999989 6271015.391200002, 455548.57900000364 6271036.822500002, 455546.4623000026 6271049.919400003, 455540.37690000236 6271071.350700002, 455537.46649999917 6271088.151800003, 455534.29150000215 6271121.3571000025, 455534.42379999906 6271121.3571000025, 455534.42379999906 6271121.136600003))",Tournesol,2015,,,,13106.650985454498
660043,3989047,5.7,TRN,6,,,"POLYGON ((497255.3299999982 6320334.852000002, 497320.2528000027 6320283.500700001, 497321.16600000113 6320283.369000003, 497343.7456 6320294.729200002, 497355.67660000175 6320296.047900002, 497358.0179999992 6320296.57, 497373.9350000024 6320298.156000003, 497375.5200000033 6320298.1105, 497469.6710000038 6320237.301000003, 497563.7148000002 6320175.1776, 497616.10240000486 6320140.7817, 497658.0553000048 6320117.047000002, 497759.0870999992 6320061.754500002, 497743.13329999894 6320031.7205, 497708.32620000094 6320047.527600002, 497683.190700002 6320055.465100002, 497664.6699000001 6320051.496400002, 497652.76359999925 6320059.433900002, 497630.81400000304 6320069.43, 497626.52710000426 6320063.4130000025, 497545.4752000049 6320074.8451000005, 497432.1010000035 6320096.872400001, 497432.11910000443 6320096.528500002, 497428.74599999934 6320102.159000002, 497422.70380000025 6320102.4703, 497267.0927000046 6320215.6873, 497267.73799999803 6320216.630000003, 497207.0974000022 6320270.179500002, 497196.86200000346 6320282.111000001, 497191.6248999983 6320293.503600001, 497197.78930000216 6320292.065200001, 497197.37440000474 6320292.967700001, 497230.757100001 6320324.9954, 497241.8942999989 6320331.947700001, 497250.28890000284 6320330.5983000025, 497252.5456000045 6320335.299700003, 497255.3299999982 6320334.852000002))",Tournesol,2015,,,,56953.74821376539
69417,418270,18.09,TRN,6,,,"POLYGON ((590145.0262000039 6259907.665000003, 590075.4406000003 6259840.0638, 590005.7228000015 6259772.7272000015, 589971.8559999987 6259738.8605, 589943.7212999985 6259711.019200001, 589493.9949000031 6260340.927200001, 589515.992899999 6260376.219300002, 589560.0172000006 6260361.649100002, 589604.3348999992 6260348.4199, 589636.7118000016 6260338.595800001, 589693.0280999988 6260323.861500002, 589747.8630999997 6260307.655700002, 589822.078900002 6260285.0999, 589897.2868000045 6260263.0733, 589949.4846000001 6260247.613400001, 589999.2160999998 6260232.7916, 589994.2133999988 6260226.508200001, 589980.6290000007 6260208.1853, 589953.5753000006 6260171.176600002, 589946.6300000027 6260161.519300003, 589942.6335000023 6260156.014400002, 589937.8197000027 6260149.411500003, 589926.1578000039 6260133.506500002, 589923.8042000011 6260130.187000003, 589898.4946000054 6260095.470800001, 589933.0890000015 6260045.729000002, 589967.821100004 6260073.314100001, 589990.184100002 6260088.291100003, 589998.499499999 6260083.0176, 590010.1061000004 6260075.381700002, 590035.1521999985 6260058.892100003, 590048.188500002 6260051.2214, 590061.0208000019 6260043.416100003, 590074.1838000044 6260035.214000002, 590084.7617000043 6260028.928000003, 590107.5820000023 6260018.344600003, 590131.1300000027 6260008.555, 590214.738499999 6259974.9529, 590180.2158000022 6259941.928600002, 590145.0262000039 6259907.665000003))",Tournesol,2015,,,,180926.39390156796
858585,5187012,3.19,TRN,6,,,"POLYGON ((530178.9650000036 6306027.894000001, 530162.2960000038 6306039.800000001, 530148.5380000025 6306050.119000003, 530139.2770000026 6306056.998, 530130.8229999989 6306063.632000003, 530100.6600000039 6306088.503000002, 530089.5350000039 6306098.009, 530082.9210000038 6306103.301000003, 530077.377000004 6306108.611000001, 530081.6099999994 6306120.7820000015, 530086.3720000014 6306136.128000002, 530100.6480000019 6306161.244000003, 530116.0060000047 6306192.2190000005, 530136.1140000001 6306232.965, 530154.1059999987 6306270.536000002, 530181.3460000008 6306256.759, 530213.625 6306240.09, 530258.075000003 6306217.336000003, 530287.7089999989 6306203.578000002, 530302.8020000011 6306196.982000001, 530205.9640000015 6306012.302000001, 530178.9650000036 6306027.894000001))",Tournesol,2015,,,,31915.191745761134
1637584,9891831,0.57,TRN,6,,,"POLYGON ((480331.9310000017 6267923.863000002, 480345.1429999992 6267924.054000001, 480364.3810000047 6267915.694000002, 480335.9030000046 6267804.501000002, 480315.70700000226 6267806.09, 480293.1860000044 6267801.551000003, 480290.6319999993 6267840.355, 480305.6080000028 6267879.84, 480314.4120000005 6267903.227000002, 480321.3969999999 6267914.150000002, 480328.30099999905 6267921.82, 480331.9310000017 6267923.863000002))",Tournesol,2015,,,,5711.469100373032
167498,1012615,1.54,TRN,6,,,"POLYGON ((784788.7624000013 6323384.147700001, 784778.5600000024 6323396.521000002, 784759.0210000053 6323418.665000003, 784740.0260000005 6323438.745000001, 784739.1059999987 6323439.624000002, 784737.0182000026 6323441.619000003, 784841.7219000012 6323459.3453, 784843.2950000018 6323460.693700001, 784843.3660000041 6323460.126000002, 784847.6480000019 6323460.643000003, 784855.3060000017 6323460.995000001, 784892.1019999981 6323463.384, 784896.1190000027 6323463.492000002, 784897.8559999987 6323465.988000002, 784905.9970000014 6323466.640000001, 784913.0520000011 6323465.120000001, 784921.8449999988 6323462.406000003, 784930.4549999982 6323459.422000002, 784932.8079999983 6323458.607000001, 784939.6200000048 6323455.821000002, 784939.9720000029 6323455.677000001, 785005.6420000046 6323424.09, 785005.640700005 6323424.090600003, 785005.640200004 6323424.090300001, 785005.6402999982 6323424.089200001, 785005.6406000033 6323424.088600002, 785012.1305000037 6323417.653700002, 785007.8973999992 6323390.270600002, 785005.9140000045 6323386.965, 784993.8766000047 6323388.1554000005, 784946.4899000004 6323395.605900001, 784946.4897000045 6323395.605900001, 784946.4895000011 6323395.605900001, 784946.177699998 6323395.6195, 784912.0463000014 6323394.296600003, 784912.0461999997 6323394.296600003, 784912.046099998 6323394.296600003, 784841.6081999987 6323389.8752, 784798.2697999999 6323383.944000002, 784790.9376000017 6323382.902000003, 784790.9369000047 6323382.901600003, 784790.9360000044 6323382.900500003, 784790.935800001 6323382.899800003, 784791.0606000051 6323382.021200001, 784788.7637000009 6323384.147700001, 784788.7624000013 6323384.147700001))",Tournesol,2015,,,,15437.80652072705
651358,3936246,2.95,TRN,6,,,"POLYGON ((536239.0410000011 6271490.154000003, 536432.9980000034 6271396.366, 536432.8220000044 6271394.609000001, 536423.4130000025 6271337.118000001, 536409.6689999998 6271288.497000001, 536409.1110000014 6271288.738000002, 536321.7660000026 6271320.382000003, 536157.7880000025 6271375.179000001, 536157.487999998 6271375.279000003, 536239.0410000011 6271490.154000003))",Tournesol,2015,,,,29547.705499273783
1046803,6326082,3.18,TRN,6,,,"POLYGON ((587669.0210999995 6327597.663900003, 587669.0150000006 6327598.186000001, 587669.0150000006 6327598.1862, 587669.0150000006 6327598.186300002, 587671.9250000045 6327627.8189, 587671.9250000045 6327627.819000002, 587676.3295999989 6327648.4267, 587676.631900005 6327649.182500001, 587677.3878000006 6327650.998100001, 587677.7296000049 6327651.3145, 587683.7377000004 6327655.5702, 587683.7379000038 6327655.5704, 587683.7383000031 6327655.570600003, 587692.0060000047 6327662.011400003, 587692.006099999 6327662.011400003, 587696.636300005 6327665.054000001, 587696.6363999993 6327665.054100003, 587703.7800000012 6327668.626000002, 587703.7801000029 6327668.626000002, 587710.6592000052 6327671.139600001, 587712.7758999988 6327671.966400001, 587714.6279999986 6327673.686100002, 587716.017400004 6327675.148500003, 587716.0179999992 6327675.149800003, 587742.8322999999 6327684.0427, 587742.8334000036 6327684.042300001, 587757.4301000014 6327660.515800003, 587762.9420000017 6327651.632000003, 587808.9790000021 6327582.972000003, 587817.7487000003 6327573.390900001, 587817.748800002 6327573.390800003, 587835.6503000036 6327559.250800002, 587862.5019000024 6327538.041500002, 587862.502000004 6327538.0414, 587862.5020999983 6327538.0413000025, 587862.5023000017 6327538.041100003, 587862.5025999993 6327538.040400002, 587862.5025999993 6327538.039900001, 587862.5025999993 6327538.039800003, 587861.1120000035 6327519.34, 587859.2089999989 6327506.677200001, 587859.2089000046 6327506.676900003, 587854.4270000011 6327495.159000002, 587854.4270000011 6327495.1589, 587839.8263000026 6327470.442200001, 587839.8260999992 6327470.442000002, 587839.826000005 6327470.4419, 587826.8581999987 6327452.349200003, 587826.8581000045 6327452.349100001, 587826.8580000028 6327452.3489000015, 587822.8594999984 6327443.2531, 587819.9601000026 6327436.657200001, 587819.9600000009 6327436.6570000015, 587815.3950000033 6327423.034000002, 587812.8084999993 6327411.5134, 587812.8083000034 6327411.512600001, 587812.8068000004 6327411.5119, 587812.806400001 6327411.5121, 587812.8061000034 6327411.512200002, 587797.9056999981 6327419.892200001, 587797.9056999981 6327419.892300002, 587782.427699998 6327429.6818, 587782.4276000038 6327429.6818, 587753.2440000027 6327450.226, 587706.4530000016 6327480.418000001, 587681.7153000012 6327494.600700002, 587681.7151000053 6327494.600900002, 587681.7150000036 6327494.601, 587681.7149000019 6327494.6011000015, 587674.3643999994 6327501.6917, 587674.3642000034 6327501.6919, 587674.3638999984 6327501.692600001, 587674.3638999984 6327501.692700002, 587670.8671000004 6327511.534900002, 587670.8669999987 6327511.5352, 587669.675999999 6327541.300000001, 587669.0210999995 6327597.663900003))",Tournesol,2015,,,,31812.900639574913
625253,3778046,4.91,TRN,6,,,"POLYGON ((624058.9320000038 6239019.256300002, 624072.9270000011 6239075.6620000005, 624081.1560000032 6239100.296, 624090.925999999 6239126.564000003, 624100.1520000026 6239150.661000002, 624101.6710000038 6239153.049000002, 624103.4079999998 6239154.026000001, 624106.9900000021 6239153.266000003, 624116.325000003 6239149.467, 624126.637000002 6239144.799000002, 624157.2490000054 6239130.473000001, 624179.825000003 6239118.5320000015, 624273.501000002 6239072.942000002, 624385.9549999982 6239016.391000003, 624419.8220000044 6238998.372000001, 624434.4750000015 6238988.604000002, 624437.4050000012 6238984.371000003, 624410.4849999994 6238906.326000001, 624399.6812000051 6238879.545700002, 624394.8933000043 6238881.0419000015, 624394.7976000011 6238880.8048, 624284.2893000022 6238925.173, 624063.4892000034 6239016.8609, 624063.5974000022 6239017.296800002, 624058.9320000038 6239019.256300002))",Tournesol,2015,,,,49132.456512871984
395088,2385070,4.72,TRN,6,,,"POLYGON ((598750.4958000034 6247636.7491, 598748.325000003 6247692.082000002, 598769.7870000005 6247685.644000001, 598796.5090000033 6247684.586000003, 598820.3220000044 6247688.026000001, 598849.6909999996 6247692.259, 598862.9200000018 6247699.403000001, 598875.2089999989 6247712.32, 598894.4060000032 6247743.853, 598926.949000001 6247799.945, 598950.2330000028 6247826.138, 598986.4809999987 6247840.955000002, 599000.7569999993 6247795.1630000025, 599027.439000003 6247723.776000001, 599061.9570000023 6247734.848000001, 599090.1790000051 6247744.617000002, 599108.4149999991 6247672.108000003, 599109.0659999996 6247661.4700000025, 599104.9420000017 6247656.911000002, 599074.9830000028 6247653.655000001, 599036.5230000019 6247651.009, 599030.4020000026 6247650.7190000005, 599029.3430000022 6247656.540000003, 599027.2220000029 6247664.727000002, 599014.6300000027 6247666.246000003, 599005.2950000018 6247672.759, 598990.0989999995 6247675.798, 598979.2440000027 6247677.101, 598963.3960000053 6247628.255000003, 599001.387000002 6247613.927000001, 599015.9329999983 6247618.920000002, 599029.6099999994 6247628.689000003, 599049.3650000021 6247641.498, 599108.6319999993 6247648.228, 599112.7569999993 6247646.708000001, 599120.1389999986 6247619.138, 599124.3778000027 6247596.1767, 599119.2823000029 6247596.236900002, 599119.3271000013 6247595.994100001, 599091.763500005 6247596.349600002, 599090.2578000054 6247596.137800001, 599081.7181000039 6247593.567200001, 599064.8954000026 6247590.273900002, 599063.9580999985 6247589.992800001, 599046.3621000051 6247582.773200002, 599029.0014000013 6247578.3979, 599009.0659999996 6247576.352900002, 598979.6411999986 6247577.376000002, 598949.5130999982 6247586.6028, 598948.6596000046 6247586.784600001, 598905.4908000007 6247592.096000001, 598885.2542999983 6247600.984000001, 598855.5669 6247615.162800003, 598854.5791999996 6247615.512900002, 598811.6411999986 6247625.820900001, 598811.3357999995 6247625.884200003, 598755.5429000035 6247635.646500003, 598755.5354000032 6247635.838600002, 598750.4958000034 6247636.7491))",Tournesol,2015,,,,47157.35401777335
1132978,6845669,1.8,TRN,6,,,"POLYGON ((535421.4950000048 6263951.581, 535360.9070000052 6263991.179000001, 535303.3819999993 6264026.125, 535378.6070000008 6264125.631000001, 535381.8969999999 6264121.32, 535425.126000002 6264078.091000002, 535467.3330000043 6264037.585000001, 535490.4790000021 6264015.914000001, 535480.7220000029 6263978.585000001, 535467.5600000024 6263936.945, 535463.1358999982 6263926.621100001, 535455.3060000017 6263936.264000002, 535421.4950000048 6263951.581))",Tournesol,2015,,,,18038.327294865623
999495,6038930,7.22,TRN,6,,,"POLYGON ((556887.012000002 6265592.201000001, 556887.0109999999 6265592.201000001, 556887.0100000054 6265592.200000003, 556778.2679999992 6265617.709000003, 556763.9800000042 6265619.776000001, 556637.7670000046 6265650.246000003, 556530.4050000012 6265681.291000001, 556504.0380000025 6265688.915000003, 556503.4690000042 6265689.080000002, 556407.9450000003 6265716.701000001, 556407.9450000003 6265716.702, 556407.9439999983 6265716.702, 556407.9439999983 6265716.703000002, 556407.9450000003 6265716.704, 556457.877000004 6265763.096000001, 556503.6979999989 6265795.450000003, 556503.699000001 6265795.450000003, 556510.337000005 6265794.935000002, 556517.7639999986 6265794.294, 556791.1939999983 6265726.906000003, 556792.9980000034 6265727.849000003, 556794.800999999 6265728.793000001, 556806.3159999996 6265825.086000003, 556806.9659999982 6265834.691, 556806.6359999999 6265841.2310000025, 556805.9750000015 6265854.310000002, 556805.9760000035 6265854.311000001, 556805.9769999981 6265854.311000001, 556853.8150000051 6265852.743000001, 556854.8570000008 6265853.517000001, 556859.7690000013 6265858.639000002, 556861.8200000003 6265860.623, 556862.4640000015 6265861.324000001, 556862.4640000015 6265877.462000001, 556862.4629999995 6265877.462000001, 556862.3900000006 6265877.555, 556862.3969999999 6265877.554000001, 556862.4050000012 6265877.555, 556862.4130000025 6265877.557, 556862.4200000018 6265877.561000001, 556862.425999999 6265877.566, 556862.4310000017 6265877.572000001, 556862.4350000024 6265877.579, 556862.436999999 6265877.586000003, 556862.438000001 6265877.5940000005, 556862.436999999 6265877.602000002, 556862.4350000024 6265877.609000001, 556861.9340000004 6265878.861000001, 556963.564000003 6265855.310000002, 556966.8269999996 6265854.553000003, 556887.012000002 6265592.201000001))",Tournesol,2015,,,,72182.23366732095
1379080,8329269,1.64,TRN,6,,,"POLYGON ((521616.2030000016 6322745.624000002, 521605.8020000011 6322771.846000001, 521580.45899999887 6322822.337000001, 521600.5520000011 6322850.185000002, 521572.5249999985 6322865.168000001, 521584.48099999875 6322882.501000002, 521664.4450000003 6322943.144000001, 521689.825000003 6322953.463000003, 521709.42400000244 6322970.243000001, 521721.0480000004 6322978.158, 521726.31700000167 6322979.760000002, 521735.70600000024 6322977.664000001, 521751.9769999981 6322965.466000002, 521727.93200000376 6322926.533, 521616.2030000016 6322745.624000002))",Tournesol,2015,,,,16351.333799586497
192913,1164364,0.54,TRN,6,,,"POLYGON ((632238.6633000001 6242099.022500001, 632238.3011000007 6242098.660600003, 632177.1123000011 6242034.306900002, 632175.5565000027 6242035.613200001, 632162.3273000047 6242049.6362, 632142.8299999982 6242075.004000001, 632127.1376000047 6242089.588300001, 632118.1418000013 6242098.584200002, 632114.702200003 6242105.727900002, 632113.6438000053 6242108.6384, 632115.2313000038 6242112.6071000025, 632118.5160000026 6242116.035, 632158.8950000033 6242114.081, 632202.9650000036 6242111.476, 632212.8628000021 6242109.961300001, 632224.2410000041 6242106.917000003, 632235.8816 6242100.965400003, 632238.6633000001 6242099.022500001))",Tournesol,2015,,,,5445.1636475596
1573463,9505217,0.47,TRN,6,,,"POLYGON ((628707.8070000038 6241393.101, 628715.5139999986 6241392.992000002, 628734.8350000009 6241387.022, 628744.8220000044 6241381.812000003, 628755.4600000009 6241379.641000003, 628768.8110000044 6241376.927000001, 628774.3460000008 6241375.299000002, 628780.3920000046 6241355.794, 628789.2180000022 6241340.456, 628780.013000004 6241325.144000001, 628762.7320000008 6241326.889000002, 628749.3810000047 6241326.563000001, 628742.7600000054 6241318.096000001, 628737.6579999998 6241312.452, 628735.7604999989 6241318.1105, 628725.6110000014 6241320.056000002, 628725.4875000045 6241320.0781, 628720.457600005 6241320.917100001, 628716.4677000046 6241321.874300003, 628713.6772000045 6241324.340200003, 628711.7335000038 6241329.072300002, 628695.7547999993 6241381.613200001, 628697.1071000025 6241383.052500002, 628702.3324000016 6241385.480500001, 628708.6969000027 6241387.879300002, 628707.8070000038 6241393.101))",Tournesol,2015,,,,4719.851802397094
1439209,8692077,1.0,TRN,6,,,"POLYGON ((574875.388000004 6343497.298, 574864.5260000005 6343472.433000002, 574856.0790000036 6343456.728, 574854.2450000048 6343455.274, 574847.1000000015 6343450.179000001, 574819.5530000031 6343434.259, 574810.4990000054 6343428.616, 574807.5139999986 6343430.643000003, 574801.314000003 6343434.853, 574791.0439999998 6343442.984000001, 574785.1960000023 6343447.614, 574748.3779999986 6343476.761, 574780.4930000007 6343505.074000001, 574838.1660000011 6343556.476, 574865.1240000054 6343581.511, 574879.4329000041 6343501.208000001, 574875.388000004 6343497.298))",Tournesol,2015,,,,9998.857632228708
1032884,6241612,1.81,TRN,6,,,"POLYGON ((547463.9569000006 6316456.6503, 547402.7978999987 6316404.377700001, 547401.9206000045 6316403.959600002, 547358.6525000036 6316483.1087, 547454.5738999993 6316573.8081, 547457.5271999985 6316569.975700002, 547457.5785000026 6316570.021000002, 547484.5333999991 6316534.888300002, 547526.5205000043 6316458.102400001, 547566.2269000039 6316368.989, 547565.0078999996 6316368.1798, 547564.399500005 6316367.704400003, 547550.689199999 6316355.171600003, 547550.6209000051 6316355.213800002, 547548.7168000042 6316353.425100002, 547548.1006000042 6316352.846300002, 547464.5936999992 6316455.864700001, 547463.9569000006 6316456.6503))",Tournesol,2015,,,,18089.462340603746
306458,1850664,0.16,TRN,6,,,"POLYGON ((492064.86100000143 6240734.457000002, 492009.1150000021 6240746.334000003, 492009.951000005 6240751.268000003, 492070.44099999964 6240738.380000003, 492068.700000003 6240725.592, 492075.5729999989 6240724.190000001, 492085.90200000256 6240722.083000001, 492122.2550000027 6240719.159000002, 492129.62000000477 6240719.0320000015, 492133.5370000005 6240718.964000002, 492133.53599999845 6240719.390000001, 492133.45400000364 6240745.432, 492133.4149999991 6240758.096000001, 492177.5860000029 6240755.888, 492190.9430000037 6240755.2200000025, 492190.950000003 6240755.545000002, 492191.1240000054 6240763.778000001, 492191.4299999997 6240778.270000003, 492192.94000000507 6240778.204, 492198.0920000002 6240777.979000002, 492197.826000005 6240788.149, 492197.7650000006 6240790.502, 492178.4670000002 6240790.989, 492179.7340000048 6240820.716000002, 492184.72900000215 6240820.397, 492183.6790000051 6240795.859000001, 492197.8910000026 6240795.5, 492199.3810000047 6240795.234000001, 492200.7230000049 6240794.533, 492201.79399999976 6240793.463000003, 492202.49500000477 6240792.121000003, 492202.763000004 6240790.632000003, 492202.82400000095 6240788.279000003, 492203.0900000036 6240778.110000003, 492202.8660000041 6240776.492000002, 492202.1319999993 6240775.033, 492200.9670000002 6240773.888, 492199.49500000477 6240773.18, 492197.8740000054 6240772.984000001, 492196.3210000023 6240773.052000001, 492196.1230000034 6240763.672000002, 492195.94900000095 6240755.439000003, 492195.94200000167 6240755.112, 492195.65399999917 6240753.546, 492194.88899999857 6240752.150000002, 492193.72399999946 6240751.065000001, 492192.27600000054 6240750.401000001, 492190.6930000037 6240750.226, 492177.3360000029 6240750.894000001, 492138.4310000017 6240752.839000002, 492138.45400000364 6240745.448000003, 492138.53599999845 6240719.406000003, 492138.5370000005 6240718.976, 492138.2899999991 6240717.411000002, 492137.56599999964 6240716.003000002, 492136.436999999 6240714.891000003, 492135.0179999992 6240714.188000001, 492133.450000003 6240713.965, 492129.53400000185 6240714.033, 492122.16899999976 6240714.16, 492121.85400000215 6240714.175000001, 492085.501000002 6240717.099000003, 492084.9030000046 6240717.184, 492074.57400000095 6240719.291000001, 492067.701000005 6240720.693, 492066.2930000052 6240721.209000003, 492065.1019999981 6240722.120000001, 492064.2349999994 6240723.343000002, 492063.7679999992 6240724.767000001, 492063.74599999934 6240726.266000003, 492064.86100000143 6240734.457000002))",Tournesol,2015,,,,1638.073892523334
461415,2784797,6.08,TRN,6,,,"POLYGON ((555086.0544999987 6235537.336800002, 555319.2322000042 6235808.558700003, 555448.3775999993 6235784.0306, 555486.0575000048 6235698.571200002, 555358.4875000045 6235563.182400003, 555289.6724999994 6235544.4208, 555200.5289999992 6235525.772, 555181.4514999986 6235526.275000002, 555162.3740999997 6235526.778000001, 555162.3740000054 6235526.778000001, 555122.127000004 6235531.105, 555086.0544999987 6235537.336800002))",Tournesol,2015,,,,60756.152410504656
1086297,6564301,3.42,TRN,6,,,"POLYGON ((558117.501000002 6301954.080000002, 558111.9470000044 6301946.9130000025, 558078.8960000053 6301923.141000003, 558066.4010000005 6301905.755000003, 558060.9860000014 6301873.294, 558043.5520000011 6301869.433000002, 558044.814000003 6301787.805, 558039.3570000008 6301782.603, 558023.2670000046 6301771.445, 558003.1510000005 6301762.482000001, 557985.6290000007 6301755.868000001, 557934.127000004 6301743.804000001, 557924.4809999987 6301795.802000001, 557881.2280000001 6301795.392000001, 557865.3819999993 6301826.707000002, 557860.5962000042 6301843.495000001, 557863.013000004 6301847.612, 557867.4479999989 6301855.166000001, 557876.699000001 6301866.849000003, 557945.451000005 6301900.193, 557945.737999998 6301900.332000002, 557949.6840000004 6301902.246000003, 557949.8189999983 6301902.312000003, 557949.9530000016 6301902.387000002, 557952.3000000045 6301903.707000002, 557954.0540000051 6301904.693, 557993.8730000034 6301927.086000003, 557995.8779999986 6301928.214000002, 557996.326000005 6301930.4700000025, 558001.8530000001 6301958.294, 558002.3800000027 6301960.946000002, 558002.8440000042 6301965.696000002, 558003.9350000024 6301976.831, 558008.324000001 6301988.688000001, 558018.2690000013 6301995.722000003, 558021.9560000002 6301998.330000002, 558022.3599999994 6301998.801000003, 558030.9570000023 6302008.839000002, 558038.8720000014 6302017.247000001, 558041.0080000013 6302019.516000003, 558044.1689999998 6302023.226, 558051.1660000011 6302031.437000003, 558057.9360000044 6302038.550000001, 558058.6099999994 6302039.259, 558061.2260000035 6302042.007000003, 558061.3079999983 6302042.0940000005, 558061.3819999993 6302042.179000001, 558076.6350000054 6302059.778000001, 558077.7340000048 6302057.534000002, 558102.1190000027 6301996.415000003, 558112.2550000027 6301967.889000002, 558117.501000002 6301954.080000002))",Tournesol,2015,,,,34202.31756986592
1495465,9030927,0.36,TRN,6,,,"POLYGON ((613954.3938999996 6313407.0262, 613926.3165000007 6313388.173300002, 613904.5040000007 6313496.493000001, 613943.7052000016 6313503.920400001, 613923.0022 6313588.555500001, 613927.3042000011 6313589.3467000015, 613944.9675000012 6313512.4463, 613947.8057000041 6313498.368900001, 613927.1898000017 6313492.5427, 613936.2163000032 6313494.728, 613954.3938999996 6313407.0262))",Tournesol,2015,,,,3624.141017736033
